,age,gpa_current,gpa_history,attendance_rate,enrollment_gap_months,credits_completed,academic_warning_count,advisor_meeting_count,dropout_duration
count,2134.0,2134.0,2134.0,2134.0,2134.0,2134.0,2134.0,2134.0,2134.0
mean,23.398781630740395,2.7570571696344888,2.503261480787254,0.7527600749765697,0.992970946579194,69.87066541705717,1.5388940955951265,2.4751640112464854,0.3570759137769447
std,3.4460299988599385,0.71990398869711,0.7382894473448852,0.143636455649843,1.140996382371336,29.0086905488378,1.122641673584848,1.7013526639979861,0.8396827459131968
min,18.0,1.5,1.05,0.5,0.0,20.0,0.0,0.0,0.0
25%,20.0,2.14,1.89,0.64,0.0,44.0,1.0,1.0,0.0
50%,23.0,2.77,2.49,0.75,1.0,71.0,2.0,2.0,0.0
75%,26.0,3.37,3.12,0.87,2.0,95.0,3.0,4.0,0.0
max,29.0,4.0,3.99,1.0,3.0,119.0,3.0,5.0,3.0
